Current Path	Option 1	Option 2	Option 3	Option 4																					
START	A01	A02	A03	A04																					
A01	B01	B02	B03	B04																					
A02	B05	B06	B07	B08																					
A03	B09	B10	B11	B12																					
A04	B13	B14	B15	B16																					
																									
B01	C01	C02	C03	C04																					
B02	C05	C06	C07	C08																					
B03	C09	C10	C11	C12																					
B04	C13	C14	C15	C16																					
B05	C17	C18	C19	C20																					
B06	C21	C22	C23	C24																					
B07	C25	C26	C27	C28																					
B08	C29	C30	C31	C32																					
B09	C33	C34	C35	C36																					
B10	C37	C38	C39	C40																					
B11	C41	C42	C43	C44																					
B12	C45	C46	C47	C48																					
B13	C49	C50	C51	C52																					
B14	C53	C54	C55	C56																					
B15	C57	C58	C59	C60																					
B16	C61	C62	C63	C64																					
																									
C01	D01	D02	D03	D04																					
C02	D05	D06	D07	D08																					
C03	D09	D10	D11	D12																					
C04	D13	D14	D15	D16																					
C05	D17	D18	D19	D20																					
C06	D21	D22	D23	D24																					
C07	D25	D26	D27	D28																					
C08	D29	D30	D31	D32																					
C09	D33	D34	D35	D36																					
C10	D37	D38	D39	D40																					
C11	D41	D42	D43	D44																					
C12	D45	D46	D47	D48																					
C13	D49	D50	D51	D52																					
C14	D53	D54	D55	D56																					
C15	D57	D58	D59	D60																					
C16	D61	D62	D63	D64																					
C17	D65	D66	D67	D68																					
C18	D69	D70	D71	D72																					
C19	D73	D74	D75	D76																					
C20	D77	D78	D79	D80																					
C21	D81	D82	D83	D84																					
C22	D85	D86	D87	D88																					
C23	D89	D90	D91	D92																					
C24	D93	D94	D95	D96																					
C25	D97	D98	D99	D100																					
C26	D101	D102	D103	D104																					
C27	D105	D106	D107	D108																					
C28	D109	D110	D111	D112																					
C29	D113	D114	D115	D116																					
C30	D117	D118	D119	D120																					
C31	D121	D122	D123	D124																					
C32	D125	D126	D127	D128																					
C33	D129	D130	D131	D132																					
C34	D133	D134	D135	D136																					
C35	D137	D138	D139	D140																					
C36	D141	D142	D143	D144																					
C37	D145	D146	D147	D148																					
C38	D149	D150	D151	D152																					
C39	D153	D154	D155	D156																					
C40	D157	D158	D159	D160																					
C41	D161	D162	D163	D164																					
C42	D165	D166	D167	D168																					
C43	D169	D170	D171	D172																					
C44	D173	D174	D175	D176																					
C45	D177	D178	D179	D180																					
C46	D181	D182	D183	D184																					
C47	D185	D186	D187	D188																					
C48	D189	D190	D191	D192																					
C49	D193	D194	D195	D196																					
C50	D197	D198	D199	D200																					
C51	D201	D202	D203	D204																					
C52	D205	D206	D207	D208																					
C53	D209	D210	D211	D212																					
C54	D213	D214	D215	D216																					
C55	D217	D218	D219	D220																					
C56	D221	D222	D223	D224																					
C57	D225	D226	D227	D228																					
C58	D229	D230	D231	D232																					
C59	D233	D234	D235	D236																					
C60	D237	D238	D239	D240																					
C61	D241	D242	D243	D244																					
C62	D245	D246	D247	D248																					
C63	D249	D250	D251	D252																					
C64	D253	D254	D255	D256																					
																									
D01	E01	E02	E03	E04																					
D02	E05	E06	E07	E08																					
D03	E09	E10	E11	E12																					
D04	E13	E14	E15	E16																					
D05	E17	E18	E19	E20																					
D06	E21	E22	E23	E24																					
D07	E25	E26	E27	E28																					
D08	E29	E30	E31	E32																					
D09	E33	E34	E35	E36																					
D10	E37	E38	E39	E40																					
D11	E41	E42	E43	E44																					
D12	E45	E46	E47	E48																					
D13	E49	E50	E51	E52																					
D14	E53	E54	E55	E56																					
D15	E57	E58	E59	E60																					
D16	E61	E62	E63	E64																					
D17	E65	E66	E67	E68																					
D18	E69	E70	E71	E72																					
D19	E73	E74	E75	E76																					
D20	E77	E78	E79	E80																					
D21	E81	E82	E83	E84																					
D22	E85	E86	E87	E88																					
D23	E89	E90	E91	E92																					
D24	E93	E94	E95	E96																					
D25	E97	E98	E99	E100																					
D26	E101	E102	E103	E104																					
D27	E105	E106	E107	E108																					
D28	E109	E110	E111	E112																					
D29	E113	E114	E115	E116																					
D30	E117	E118	E119	E120																					
D31	E121	E122	E123	E124																					
D32	E125	E126	E127	E128																					
D33	E129	E130	E131	E132																					
D34	E133	E134	E135	E136																					
D35	E137	E138	E139	E140																					
D36	E141	E142	E143	E144																					
D37	E145	E146	E147	E148																					
D38	E149	E150	E151	E152																					
D39	E153	E154	E155	E156																					
D40	E157	E158	E159	E160																					
D41	E161	E162	E163	E164																					
D42	E165	E166	E167	E168																					
D43	E169	E170	E171	E172																					
D44	E173	E174	E175	E176																					
D45	E177	E178	E179	E180																					
D46	E181	E182	E183	E184																					
D47	E185	E186	E187	E188																					
D48	E189	E190	E191	E192																					
D49	E193	E194	E195	E196																					
D50	E197	E198	E199	E200																					
D51	E201	E202	E203	E204																					
D52	E205	E206	E207	E208																					
D53	E209	E210	E211	E212																					
D54	E213	E214	E215	E216																					
D55	E217	E218	E219	E220																					
D56	E221	E222	E223	E224																					
D57	E225	E226	E227	E228																					
D58	E229	E230	E231	E232																					
D59	E233	E234	E235	E236																					
D60	E237	E238	E239	E240																					
D61	E241	E242	E243	E244																					
D62	E245	E246	E247	E248																					
D63	E249	E250	E251	E252																					
D64	E253	E254	E255	E256																					
D65	E257	E258	E259	E260																					
D66	E261	E262	E263	E264																					
D67	E265	E266	E267	E268																					
D68	E269	E270	E271	E272																					
D69	E273	E274	E275	E276																					
D70	E277	E278	E279	E280																					
D71	E281	E282	E283	E284																					
D72	E285	E286	E287	E288																					
D73	E289	E290	E291	E292																					
D74	E293	E294	E295	E296																					
D75	E297	E298	E299	E300																					
D76	E301	E302	E303	E304																					
D77	E305	E306	E307	E308																					
D78	E309	E310	E311	E312																					
D79	E313	E314	E315	E316																					
D80	E317	E318	E319	E320																					
D81	E321	E322	E323	E324																					
D82	E325	E326	E327	E328																					
D83	E329	E330	E331	E332																					
D84	E333	E334	E335	E336																					
D85	E337	E338	E339	E340																					
D86	E341	E342	E343	E344																					
D87	E345	E346	E347	E348																					
D88	E349	E350	E351	E352																					
D89	E353	E354	E355	E356																					
D90	E357	E358	E359	E360																					
D91	E361	E362	E363	E364																					
D92	E365	E366	E367	E368																					
D93	E369	E370	E371	E372																					
D94	E373	E374	E375	E376																					
D95	E377	E378	E379	E380																					
D96	E381	E382	E383	E384																					
D97	E385	E386	E387	E388																					
D98	E389	E390	E391	E392																					
D99	E393	E394	E395	E396																					
D100	E397	E398	E399	E400																					
D101	E401	E402	E403	E404																					
D102	E405	E406	E407	E408																					
D103	E409	E410	E411	E412																					
D104	E413	E414	E415	E416																					
D105	E417	E418	E419	E420																					
D106	E421	E422	E423	E424																					
D107	E425	E426	E427	E428																					
D108	E429	E430	E431	E432																					
D109	E433	E434	E435	E436																					
D110	E437	E438	E439	E440																					
D111	E441	E442	E443	E444																					
D112	E445	E446	E447	E448																					
D113	E449	E450	E451	E452																					
D114	E453	E454	E455	E456																					
D115	E457	E458	E459	E460																					
D116	E461	E462	E463	E464																					
D117	E465	E466	E467	E468																					
D118	E469	E470	E471	E472																					
D119	E473	E474	E475	E476																					
D120	E477	E478	E479	E480																					
D121	E481	E482	E483	E484																					
D122	E485	E486	E487	E488																					
D123	E489	E490	E491	E492																					
D124	E493	E494	E495	E496																					
D125	E497	E498	E499	E500																					
D126	E501	E502	E503	E504																					
D127	E505	E506	E507	E508																					
D128	E509	E510	E511	E512																					
D129	E513	E514	E515	E516																					
D130	E517	E518	E519	E520																					
D131	E521	E522	E523	E524																					
D132	E525	E526	E527	E528																					
D133	E529	E530	E531	E532																					
D134	E533	E534	E535	E536																					
D135	E537	E538	E539	E540																					
D136	E541	E542	E543	E544																					
D137	E545	E546	E547	E548																					
D138	E549	E550	E551	E552																					
D139	E553	E554	E555	E556																					
D140	E557	E558	E559	E560																					
D141	E561	E562	E563	E564																					
D142	E565	E566	E567	E568																					
D143	E569	E570	E571	E572																					
D144	E573	E574	E575	E576																					
D145	E577	E578	E579	E580																					
D146	E581	E582	E583	E584																					
D147	E585	E586	E587	E588																					
D148	E589	E590	E591	E592																					
D149	E593	E594	E595	E596																					
D150	E597	E598	E599	E600																					
D151	E601	E602	E603	E604																					
D152	E605	E606	E607	E608																					
D153	E609	E610	E611	E612																					
D154	E613	E614	E615	E616																					
D155	E617	E618	E619	E620																					
D156	E621	E622	E623	E624																					
D157	E625	E626	E627	E628																					
D158	E629	E630	E631	E632																					
D159	E633	E634	E635	E636																					
D160	E637	E638	E639	E640																					
D161	E641	E642	E643	E644																					
D162	E645	E646	E647	E648																					
D163	E649	E650	E651	E652																					
D164	E653	E654	E655	E656																					
D165	E657	E658	E659	E660																					
D166	E661	E662	E663	E664																					
D167	E665	E666	E667	E668																					
D168	E669	E670	E671	E672																					
D169	E673	E674	E675	E676																					
D170	E677	E678	E679	E680																					
D171	E681	E682	E683	E684																					
D172	E685	E686	E687	E688																					
D173	E689	E690	E691	E692																					
D174	E693	E694	E695	E696																					
D175	E697	E698	E699	E700																					
D176	E701	E702	E703	E704																					
D177	E705	E706	E707	E708																					
D178	E709	E710	E711	E712																					
D179	E713	E714	E715	E716																					
D180	E717	E718	E719	E720																					
D181	E721	E722	E723	E724																					
D182	E725	E726	E727	E728																					
D183	E729	E730	E731	E732																					
D184	E733	E734	E735	E736																					
D185	E737	E738	E739	E740																					
D186	E741	E742	E743	E744																					
D187	E745	E746	E747	E748																					
D188	E749	E750	E751	E752																					
D189	E753	E754	E755	E756																					
D190	E757	E758	E759	E760																					
D191	E761	E762	E763	E764																					
D192	E765	E766	E767	E768																					
D193	E769	E770	E771	E772																					
D194	E773	E774	E775	E776																					
D195	E777	E778	E779	E780																					
D196	E781	E782	E783	E784																					
D197	E785	E786	E787	E788																					
D198	E789	E790	E791	E792																					
D199	E793	E794	E795	E796																					
D200	E797	E798	E799	E800																					
D201	E801	E802	E803	E804																					
D202	E805	E806	E807	E808																					
D203	E809	E810	E811	E812																					
D204	E813	E814	E815	E816																					
D205	E817	E818	E819	E820																					
D206	E821	E822	E823	E824																					
D207	E825	E826	E827	E828																					
D208	E829	E830	E831	E832																					
D209	E833	E834	E835	E836																					
D210	E837	E838	E839	E840																					
D211	E841	E842	E843	E844																					
D212	E845	E846	E847	E848																					
D213	E849	E850	E851	E852																					
D214	E853	E854	E855	E856																					
D215	E857	E858	E859	E860																					
D216	E861	E862	E863	E864																					
D217	E865	E866	E867	E868																					
D218	E869	E870	E871	E872																					
D219	E873	E874	E875	E876																					
D220	E877	E878	E879	E880																					
D221	E881	E882	E883	E884																					
D222	E885	E886	E887	E888																					
D223	E889	E890	E891	E892																					
D224	E893	E894	E895	E896																					
D225	E897	E898	E899	E900																					
D226	E901	E902	E903	E904																					
D227	E905	E906	E907	E908																					
D228	E909	E910	E911	E912																					
D229	E913	E914	E915	E916																					
D230	E917	E918	E919	E920																					
D231	E921	E922	E923	E924																					
D232	E925	E926	E927	E928																					
D233	E929	E930	E931	E932																					
D234	E933	E934	E935	E936																					
D235	E937	E938	E939	E940																					
D236	E941	E942	E943	E944																					
D237	E945	E946	E947	E948																					
D238	E949	E950	E951	E952																					
D239	E953	E954	E955	E956																					
D240	E957	E958	E959	E960																					
D241	E961	E962	E963	E964																					
D242	E965	E966	E967	E968																					
D243	E969	E970	E971	E972																					
D244	E973	E974	E975	E976																					
D245	E977	E978	E979	E980																					
D246	E981	E982	E983	E984																					
D247	E985	E986	E987	E988																					
D248	E989	E990	E991	E992																					
D249	E993	E994	E995	E996																					
D250	E997	E998	E999	E1000																					
D251	E1001	E1002	E1003	E1004																					
D252	E1005	E1006	E1007	E1008																					
D253	E1009	E1010	E1011	E1012																					
D254	E1013	E1014	E1015	E1016																					
D255	E1017	E1018	E1019	E1020																					
D256	E1021	E1022	E1023	E1024																					
																									
E01	F01	F02	F03	F04																					
E02	F05	F06	F07	F08																					
E03	F09	F10	F11	F12																					
E04	F13	F14	F15	F16																					
E05	F17	F18	F19	F20																					
E06	F21	F22	F23	F24																					
E07	F25	F26	F27	F28																					
E08	F29	F30	F31	F32																					
E09	F33	F34	F35	F36																					
E10	F37	F38	F39	F40																					
E11	F41	F42	F43	F44																					
E12	F45	F46	F47	F48																					
E13	F49	F50	F51	F52																					
E14	F53	F54	F55	F56																					
E15	F57	F58	F59	F60																					
E16	F61	F62	F63	F64																					
E17	F65	F66	F67	F68																					
E18	F69	F70	F71	F72																					
E19	F73	F74	F75	F76																					
E20	F77	F78	F79	F80																					
E21	F81	F82	F83	F84																					
E22	F85	F86	F87	F88																					
E23	F89	F90	F91	F92																					
E24	F93	F94	F95	F96																					
E25	F97	F98	F99	F100																					
E26	F101	F102	F103	F104																					
E27	F105	F106	F107	F108																					
E28	F109	F110	F111	F112																					
E29	F113	F114	F115	F116																					
E30	F117	F118	F119	F120																					
E31	F121	F122	F123	F124																					
E32	F125	F126	F127	F128																					
E33	F129	F130	F131	F132																					
E34	F133	F134	F135	F136																					
E35	F137	F138	F139	F140																					
E36	F141	F142	F143	F144																					
E37	F145	F146	F147	F148																					
E38	F149	F150	F151	F152																					
E39	F153	F154	F155	F156																					
E40	F157	F158	F159	F160																					
E41	F161	F162	F163	F164																					
E42	F165	F166	F167	F168																					
E43	F169	F170	F171	F172																					
E44	F173	F174	F175	F176																					
E45	F177	F178	F179	F180																					
E46	F181	F182	F183	F184																					
E47	F185	F186	F187	F188																					
E48	F189	F190	F191	F192																					
E49	F193	F194	F195	F196																					
E50	F197	F198	F199	F200																					
E51	F201	F202	F203	F204																					
E52	F205	F206	F207	F208																					
E53	F209	F210	F211	F212																					
E54	F213	F214	F215	F216																					
E55	F217	F218	F219	F220																					
E56	F221	F222	F223	F224																					
E57	F225	F226	F227	F228																					
E58	F229	F230	F231	F232																					
E59	F233	F234	F235	F236																					
E60	F237	F238	F239	F240																					
E61	F241	F242	F243	F244																					
E62	F245	F246	F247	F248																					
E63	F249	F250	F251	F252																					
E64	F253	F254	F255	F256																					
E65	F257	F258	F259	F260																					
E66	F261	F262	F263	F264																					
E67	F265	F266	F267	F268																					
E68	F269	F270	F271	F272																					
E69	F273	F274	F275	F276																					
E70	F277	F278	F279	F280																					
E71	F281	F282	F283	F284																					
E72	F285	F286	F287	F288																					
E73	F289	F290	F291	F292																					
E74	F293	F294	F295	F296																					
E75	F297	F298	F299	F300																					
E76	F301	F302	F303	F304																					
E77	F305	F306	F307	F308																					
E78	F309	F310	F311	F312																					
E79	F313	F314	F315	F316																					
E80	F317	F318	F319	F320																					
E81	F321	F322	F323	F324																					
E82	F325	F326	F327	F328																					
E83	F329	F330	F331	F332																					
E84	F333	F334	F335	F336																					
E85	F337	F338	F339	F340																					
E86	F341	F342	F343	F344																					
E87	F345	F346	F347	F348																					
E88	F349	F350	F351	F352																					
E89	F353	F354	F355	F356																					
E90	F357	F358	F359	F360																					
E91	F361	F362	F363	F364																					
E92	F365	F366	F367	F368																					
E93	F369	F370	F371	F372																					
E94	F373	F374	F375	F376																					
E95	F377	F378	F379	F380																					
E96	F381	F382	F383	F384																					
E97	F385	F386	F387	F388																					
E98	F389	F390	F391	F392																					
E99	F393	F394	F395	F396																					
E100	F397	F398	F399	F400																					
E101	F401	F402	F403	F404																					
E102	F405	F406	F407	F408																					
E103	F409	F410	F411	F412																					
E104	F413	F414	F415	F416																					
E105	F417	F418	F419	F420																					
E106	F421	F422	F423	F424																					
E107	F425	F426	F427	F428																					
E108	F429	F430	F431	F432																					
E109	F433	F434	F435	F436																					
E110	F437	F438	F439	F440																					
E111	F441	F442	F443	F444																					
E112	F445	F446	F447	F448																					
E113	F449	F450	F451	F452																					
E114	F453	F454	F455	F456																					
E115	F457	F458	F459	F460																					
E116	F461	F462	F463	F464																					
E117	F465	F466	F467	F468																					
E118	F469	F470	F471	F472																					
E119	F473	F474	F475	F476																					
E120	F477	F478	F479	F480																					
E121	F481	F482	F483	F484																					
E122	F485	F486	F487	F488																					
E123	F489	F490	F491	F492																					
E124	F493	F494	F495	F496																					
E125	F497	F498	F499	F500																					
E126	F501	F502	F503	F504																					
E127	F505	F506	F507	F508																					
E128	F509	F510	F511	F512																					
E129	F513	F514	F515	F516																					
E130	F517	F518	F519	F520																					
E131	F521	F522	F523	F524																					
E132	F525	F526	F527	F528																					
E133	F529	F530	F531	F532																					
E134	F533	F534	F535	F536																					
E135	F537	F538	F539	F540																					
E136	F541	F542	F543	F544																					
E137	F545	F546	F547	F548																					
E138	F549	F550	F551	F552																					
E139	F553	F554	F555	F556																					
E140	F557	F558	F559	F560																					
E141	F561	F562	F563	F564																					
E142	F565	F566	F567	F568																					
E143	F569	F570	F571	F572																					
E144	F573	F574	F575	F576																					
E145	F577	F578	F579	F580																					
E146	F581	F582	F583	F584																					
E147	F585	F586	F587	F588																					
E148	F589	F590	F591	F592																					
E149	F593	F594	F595	F596																					
E150	F597	F598	F599	F600																					
E151	F601	F602	F603	F604																					
E152	F605	F606	F607	F608																					
E153	F609	F610	F611	F612																					
E154	F613	F614	F615	F616																					
E155	F617	F618	F619	F620																					
E156	F621	F622	F623	F624																					
E157	F625	F626	F627	F628																					
E158	F629	F630	F631	F632																					
E159	F633	F634	F635	F636																					
E160	F637	F638	F639	F640																					
E161	F641	F642	F643	F644																					
E162	F645	F646	F647	F648																					
E163	F649	F650	F651	F652																					
E164	F653	F654	F655	F656																					
E165	F657	F658	F659	F660																					
E166	F661	F662	F663	F664																					
E167	F665	F666	F667	F668																					
E168	F669	F670	F671	F672																					
E169	F673	F674	F675	F676																					
E170	F677	F678	F679	F680																					
E171	F681	F682	F683	F684																					
E172	F685	F686	F687	F688																					
E173	F689	F690	F691	F692																					
E174	F693	F694	F695	F696																					
E175	F697	F698	F699	F700																					
E176	F701	F702	F703	F704																					
E177	F705	F706	F707	F708																					
E178	F709	F710	F711	F712																					
E179	F713	F714	F715	F716																					
E180	F717	F718	F719	F720																					
E181	F721	F722	F723	F724																					
E182	F725	F726	F727	F728																					
E183	F729	F730	F731	F732																					
E184	F733	F734	F735	F736																					
E185	F737	F738	F739	F740																					
E186	F741	F742	F743	F744																					
E187	F745	F746	F747	F748																					
E188	F749	F750	F751	F752																					
E189	F753	F754	F755	F756																					
E190	F757	F758	F759	F760																					
E191	F761	F762	F763	F764																					
E192	F765	F766	F767	F768																					
E193	F769	F770	F771	F772																					
E194	F773	F774	F775	F776																					
E195	F777	F778	F779	F780																					
E196	F781	F782	F783	F784																					
E197	F785	F786	F787	F788																					
E198	F789	F790	F791	F792																					
E199	F793	F794	F795	F796																					
E200	F797	F798	F799	F800																					
E201	F801	F802	F803	F804																					
E202	F805	F806	F807	F808																					
E203	F809	F810	F811	F812																					
E204	F813	F814	F815	F816																					
E205	F817	F818	F819	F820																					
E206	F821	F822	F823	F824																					
E207	F825	F826	F827	F828																					
E208	F829	F830	F831	F832																					
E209	F833	F834	F835	F836																					
E210	F837	F838	F839	F840																					
E211	F841	F842	F843	F844																					
E212	F845	F846	F847	F848																					
E213	F849	F850	F851	F852																					
E214	F853	F854	F855	F856																					
E215	F857	F858	F859	F860																					
E216	F861	F862	F863	F864																					
E217	F865	F866	F867	F868																					
E218	F869	F870	F871	F872																					
E219	F873	F874	F875	F876																					
E220	F877	F878	F879	F880																					
E221	F881	F882	F883	F884																					
E222	F885	F886	F887	F888																					
E223	F889	F890	F891	F892																					
E224	F893	F894	F895	F896																					
E225	F897	F898	F899	F900																					
E226	F901	F902	F903	F904																					
E227	F905	F906	F907	F908																					
E228	F909	F910	F911	F912																					
E229	F913	F914	F915	F916																					
E230	F917	F918	F919	F920																					
E231	F921	F922	F923	F924																					
E232	F925	F926	F927	F928																					
E233	F929	F930	F931	F932																					
E234	F933	F934	F935	F936																					
E235	F937	F938	F939	F940																					
E236	F941	F942	F943	F944																					
E237	F945	F946	F947	F948																					
E238	F949	F950	F951	F952																					
E239	F953	F954	F955	F956																					
E240	F957	F958	F959	F960																					
E241	F961	F962	F963	F964																					
E242	F965	F966	F967	F968																					
E243	F969	F970	F971	F972																					
E244	F973	F974	F975	F976																					
E245	F977	F978	F979	F980																					
E246	F981	F982	F983	F984																					
E247	F985	F986	F987	F988																					
E248	F989	F990	F991	F992																					
E249	F993	F994	F995	F996																					
E250	F997	F998	F999	F1000																					
E251	F1001	F1002	F1003	F1004																					
E252	F1005	F1006	F1007	F1008																					
E253	F1009	F1010	F1011	F1012																					
E254	F1013	F1014	F1015	F1016																					
E255	F1017	F1018	F1019	F1020																					
E256	F1021	F1022	F1023	F1024																					
E257	F1025	F1026	F1027	F1028																					
E258	F1029	F1030	F1031	F1032																					
E259	F1033	F1034	F1035	F1036																					
E260	F1037	F1038	F1039	F1040																					
E261	F1041	F1042	F1043	F1044																					
E262	F1045	F1046	F1047	F1048																					
E263	F1049	F1050	F1051	F1052																					
E264	F1053	F1054	F1055	F1056																					
E265	F1057	F1058	F1059	F1060																					
E266	F1061	F1062	F1063	F1064																					
E267	F1065	F1066	F1067	F1068																					
E268	F1069	F1070	F1071	F1072																					
E269	F1073	F1074	F1075	F1076																					
E270	F1077	F1078	F1079	F1080																					
E271	F1081	F1082	F1083	F1084																					
E272	F1085	F1086	F1087	F1088																					
E273	F1089	F1090	F1091	F1092																					
E274	F1093	F1094	F1095	F1096																					
E275	F1097	F1098	F1099	F1100																					
E276	F1101	F1102	F1103	F1104																					
E277	F1105	F1106	F1107	F1108																					
E278	F1109	F1110	F1111	F1112																					
E279	F1113	F1114	F1115	F1116																					
E280	F1117	F1118	F1119	F1120																					
E281	F1121	F1122	F1123	F1124																					
E282	F1125	F1126	F1127	F1128																					
E283	F1129	F1130	F1131	F1132																					
E284	F1133	F1134	F1135	F1136																					
E285	F1137	F1138	F1139	F1140																					
E286	F1141	F1142	F1143	F1144																					
E287	F1145	F1146	F1147	F1148																					
E288	F1149	F1150	F1151	F1152																					
E289	F1153	F1154	F1155	F1156																					
E290	F1157	F1158	F1159	F1160																					
E291	F1161	F1162	F1163	F1164																					
E292	F1165	F1166	F1167	F1168																					
E293	F1169	F1170	F1171	F1172																					
E294	F1173	F1174	F1175	F1176																					
E295	F1177	F1178	F1179	F1180																					
E296	F1181	F1182	F1183	F1184																					
E297	F1185	F1186	F1187	F1188																					
E298	F1189	F1190	F1191	F1192																					
E299	F1193	F1194	F1195	F1196																					
E300	F1197	F1198	F1199	F1200																					
E301	F1201	F1202	F1203	F1204																					
E302	F1205	F1206	F1207	F1208																					
E303	F1209	F1210	F1211	F1212																					
E304	F1213	F1214	F1215	F1216																					
E305	F1217	F1218	F1219	F1220																					
E306	F1221	F1222	F1223	F1224																					
E307	F1225	F1226	F1227	F1228																					
E308	F1229	F1230	F1231	F1232																					
E309	F1233	F1234	F1235	F1236																					
E310	F1237	F1238	F1239	F1240																					
E311	F1241	F1242	F1243	F1244																					
E312	F1245	F1246	F1247	F1248																					
E313	F1249	F1250	F1251	F1252																					
E314	F1253	F1254	F1255	F1256																					
E315	F1257	F1258	F1259	F1260																					
E316	F1261	F1262	F1263	F1264																					
E317	F1265	F1266	F1267	F1268																					
E318	F1269	F1270	F1271	F1272																					
E319	F1273	F1274	F1275	F1276																					
E320	F1277	F1278	F1279	F1280																					
E321	F1281	F1282	F1283	F1284																					
E322	F1285	F1286	F1287	F1288																					
E323	F1289	F1290	F1291	F1292																					
E324	F1293	F1294	F1295	F1296																					
E325	F1297	F1298	F1299	F1300																					
E326	F1301	F1302	F1303	F1304																					
E327	F1305	F1306	F1307	F1308																					
E328	F1309	F1310	F1311	F1312																					
E329	F1313	F1314	F1315	F1316																					
E330	F1317	F1318	F1319	F1320																					
E331	F1321	F1322	F1323	F1324																					
E332	F1325	F1326	F1327	F1328																					
E333	F1329	F1330	F1331	F1332																					
E334	F1333	F1334	F1335	F1336																					
E335	F1337	F1338	F1339	F1340																					
E336	F1341	F1342	F1343	F1344																					
E337	F1345	F1346	F1347	F1348																					
E338	F1349	F1350	F1351	F1352																					
E339	F1353	F1354	F1355	F1356																					
E340	F1357	F1358	F1359	F1360																					
E341	F1361	F1362	F1363	F1364																					
E342	F1365	F1366	F1367	F1368																					
E343	F1369	F1370	F1371	F1372																					
E344	F1373	F1374	F1375	F1376																					
E345	F1377	F1378	F1379	F1380																					
E346	F1381	F1382	F1383	F1384																					
E347	F1385	F1386	F1387	F1388																					
E348	F1389	F1390	F1391	F1392																					
E349	F1393	F1394	F1395	F1396																					
E350	F1397	F1398	F1399	F1400																					
E351	F1401	F1402	F1403	F1404																					
E352	F1405	F1406	F1407	F1408																					
E353	F1409	F1410	F1411	F1412																					
E354	F1413	F1414	F1415	F1416																					
E355	F1417	F1418	F1419	F1420																					
E356	F1421	F1422	F1423	F1424																					
E357	F1425	F1426	F1427	F1428																					
E358	F1429	F1430	F1431	F1432																					
E359	F1433	F1434	F1435	F1436																					
E360	F1437	F1438	F1439	F1440																					
E361	F1441	F1442	F1443	F1444																					
E362	F1445	F1446	F1447	F1448																					
E363	F1449	F1450	F1451	F1452																					
E364	F1453	F1454	F1455	F1456																					
E365	F1457	F1458	F1459	F1460																					
E366	F1461	F1462	F1463	F1464																					
E367	F1465	F1466	F1467	F1468																					
E368	F1469	F1470	F1471	F1472																					
E369	F1473	F1474	F1475	F1476																					
E370	F1477	F1478	F1479	F1480																					
E371	F1481	F1482	F1483	F1484																					
E372	F1485	F1486	F1487	F1488																					
E373	F1489	F1490	F1491	F1492																					
E374	F1493	F1494	F1495	F1496																					
E375	F1497	F1498	F1499	F1500																					
E376	F1501	F1502	F1503	F1504																					
E377	F1505	F1506	F1507	F1508																					
E378	F1509	F1510	F1511	F1512																					
E379	F1513	F1514	F1515	F1516																					
E380	F1517	F1518	F1519	F1520																					
E381	F1521	F1522	F1523	F1524																					
E382	F1525	F1526	F1527	F1528																					
E383	F1529	F1530	F1531	F1532																					
E384	F1533	F1534	F1535	F1536																					
E385	F1537	F1538	F1539	F1540																					
E386	F1541	F1542	F1543	F1544																					
E387	F1545	F1546	F1547	F1548																					
E388	F1549	F1550	F1551	F1552																					
E389	F1553	F1554	F1555	F1556																					
E390	F1557	F1558	F1559	F1560																					
E391	F1561	F1562	F1563	F1564																					
E392	F1565	F1566	F1567	F1568																					
E393	F1569	F1570	F1571	F1572																					
E394	F1573	F1574	F1575	F1576																					
E395	F1577	F1578	F1579	F1580																					
E396	F1581	F1582	F1583	F1584																					
E397	F1585	F1586	F1587	F1588																					
E398	F1589	F1590	F1591	F1592																					
E399	F1593	F1594	F1595	F1596																					
E400	F1597	F1598	F1599	F1600																					
E401	F1601	F1602	F1603	F1604																					
E402	F1605	F1606	F1607	F1608																					
E403	F1609	F1610	F1611	F1612																					
E404	F1613	F1614	F1615	F1616																					
E405	F1617	F1618	F1619	F1620																					
E406	F1621	F1622	F1623	F1624																					
E407	F1625	F1626	F1627	F1628																					
E408	F1629	F1630	F1631	F1632																					
E409	F1633	F1634	F1635	F1636																					
E410	F1637	F1638	F1639	F1640																					
E411	F1641	F1642	F1643	F1644																					
E412	F1645	F1646	F1647	F1648																					
E413	F1649	F1650	F1651	F1652																					
E414	F1653	F1654	F1655	F1656																					
E415	F1657	F1658	F1659	F1660																					
E416	F1661	F1662	F1663	F1664																					
E417	F1665	F1666	F1667	F1668																					
E418	F1669	F1670	F1671	F1672																					
E419	F1673	F1674	F1675	F1676																					
E420	F1677	F1678	F1679	F1680																					
E421	F1681	F1682	F1683	F1684																					
E422	F1685	F1686	F1687	F1688																					
E423	F1689	F1690	F1691	F1692																					
E424	F1693	F1694	F1695	F1696																					
E425	F1697	F1698	F1699	F1700																					
E426	F1701	F1702	F1703	F1704																					
E427	F1705	F1706	F1707	F1708																					
E428	F1709	F1710	F1711	F1712																					
E429	F1713	F1714	F1715	F1716																					
E430	F1717	F1718	F1719	F1720																					
E431	F1721	F1722	F1723	F1724																					
E432	F1725	F1726	F1727	F1728																					
E433	F1729	F1730	F1731	F1732																					
E434	F1733	F1734	F1735	F1736																					
E435	F1737	F1738	F1739	F1740																					
E436	F1741	F1742	F1743	F1744																					
E437	F1745	F1746	F1747	F1748																					
E438	F1749	F1750	F1751	F1752																					
E439	F1753	F1754	F1755	F1756																					
E440	F1757	F1758	F1759	F1760																					
E441	F1761	F1762	F1763	F1764																					
E442	F1765	F1766	F1767	F1768																					
E443	F1769	F1770	F1771	F1772																					
E444	F1773	F1774	F1775	F1776																					
E445	F1777	F1778	F1779	F1780																					
E446	F1781	F1782	F1783	F1784																					
E447	F1785	F1786	F1787	F1788																					
E448	F1789	F1790	F1791	F1792																					
E449	F1793	F1794	F1795	F1796																					
E450	F1797	F1798	F1799	F1800																					
E451	F1801	F1802	F1803	F1804																					
E452	F1805	F1806	F1807	F1808																					
E453	F1809	F1810	F1811	F1812																					
E454	F1813	F1814	F1815	F1816																					
E455	F1817	F1818	F1819	F1820																					
E456	F1821	F1822	F1823	F1824																					
E457	F1825	F1826	F1827	F1828																					
E458	F1829	F1830	F1831	F1832																					
E459	F1833	F1834	F1835	F1836																					
E460	F1837	F1838	F1839	F1840																					
E461	F1841	F1842	F1843	F1844																					
E462	F1845	F1846	F1847	F1848																					
E463	F1849	F1850	F1851	F1852																					
E464	F1853	F1854	F1855	F1856																					
E465	F1857	F1858	F1859	F1860																					
E466	F1861	F1862	F1863	F1864																					
E467	F1865	F1866	F1867	F1868																					
E468	F1869	F1870	F1871	F1872																					
E469	F1873	F1874	F1875	F1876																					
E470	F1877	F1878	F1879	F1880																					
E471	F1881	F1882	F1883	F1884																					
E472	F1885	F1886	F1887	F1888																					
E473	F1889	F1890	F1891	F1892																					
E474	F1893	F1894	F1895	F1896																					
E475	F1897	F1898	F1899	F1900																					
E476	F1901	F1902	F1903	F1904																					
E477	F1905	F1906	F1907	F1908																					
E478	F1909	F1910	F1911	F1912																					
E479	F1913	F1914	F1915	F1916																					
E480	F1917	F1918	F1919	F1920																					
E481	F1921	F1922	F1923	F1924																					
E482	F1925	F1926	F1927	F1928																					
E483	F1929	F1930	F1931	F1932																					
E484	F1933	F1934	F1935	F1936																					
E485	F1937	F1938	F1939	F1940																					
E486	F1941	F1942	F1943	F1944																					
E487	F1945	F1946	F1947	F1948																					
E488	F1949	F1950	F1951	F1952																					
E489	F1953	F1954	F1955	F1956																					
E490	F1957	F1958	F1959	F1960																					
E491	F1961	F1962	F1963	F1964																					
E492	F1965	F1966	F1967	F1968																					
E493	F1969	F1970	F1971	F1972																					
E494	F1973	F1974	F1975	F1976																					
E495	F1977	F1978	F1979	F1980																					
E496	F1981	F1982	F1983	F1984																					
E497	F1985	F1986	F1987	F1988																					
E498	F1989	F1990	F1991	F1992																					
E499	F1993	F1994	F1995	F1996																					
E500	F1997	F1998	F1999	F2000																					
E501	F2001	F2002	F2003	F2004																					
E502	F2005	F2006	F2007	F2008																					
E503	F2009	F2010	F2011	F2012																					
E504	F2013	F2014	F2015	F2016																					
E505	F2017	F2018	F2019	F2020																					
E506	F2021	F2022	F2023	F2024																					
E507	F2025	F2026	F2027	F2028																					
E508	F2029	F2030	F2031	F2032																					
E509	F2033	F2034	F2035	F2036																					
E510	F2037	F2038	F2039	F2040																					
E511	F2041	F2042	F2043	F2044																					
E512	F2045	F2046	F2047	F2048																					
E513	F2049	F2050	F2051	F2052																					
E514	F2053	F2054	F2055	F2056																					
E515	F2057	F2058	F2059	F2060																					
E516	F2061	F2062	F2063	F2064																					
E517	F2065	F2066	F2067	F2068																					
E518	F2069	F2070	F2071	F2072																					
E519	F2073	F2074	F2075	F2076																					
E520	F2077	F2078	F2079	F2080																					
E521	F2081	F2082	F2083	F2084																					
E522	F2085	F2086	F2087	F2088																					
E523	F2089	F2090	F2091	F2092																					
E524	F2093	F2094	F2095	F2096																					
E525	F2097	F2098	F2099	F2100																					
E526	F2101	F2102	F2103	F2104																					
E527	F2105	F2106	F2107	F2108																					
E528	F2109	F2110	F2111	F2112																					
E529	F2113	F2114	F2115	F2116																					
E530	F2117	F2118	F2119	F2120																					
E531	F2121	F2122	F2123	F2124																					
E532	F2125	F2126	F2127	F2128																					
E533	F2129	F2130	F2131	F2132																					
E534	F2133	F2134	F2135	F2136																					
E535	F2137	F2138	F2139	F2140																					
E536	F2141	F2142	F2143	F2144																					
E537	F2145	F2146	F2147	F2148																					
E538	F2149	F2150	F2151	F2152																					
E539	F2153	F2154	F2155	F2156																					
E540	F2157	F2158	F2159	F2160																					
E541	F2161	F2162	F2163	F2164																					
E542	F2165	F2166	F2167	F2168																					
E543	F2169	F2170	F2171	F2172																					
E544	F2173	F2174	F2175	F2176																					
E545	F2177	F2178	F2179	F2180																					
E546	F2181	F2182	F2183	F2184																					
E547	F2185	F2186	F2187	F2188																					
E548	F2189	F2190	F2191	F2192																					
E549	F2193	F2194	F2195	F2196																					
E550	F2197	F2198	F2199	F2200																					
E551	F2201	F2202	F2203	F2204																					
E552	F2205	F2206	F2207	F2208																					
E553	F2209	F2210	F2211	F2212																					
E554	F2213	F2214	F2215	F2216																					
E555	F2217	F2218	F2219	F2220																					
E556	F2221	F2222	F2223	F2224																					
E557	F2225	F2226	F2227	F2228																					
E558	F2229	F2230	F2231	F2232																					
E559	F2233	F2234	F2235	F2236																					
E560	F2237	F2238	F2239	F2240																					
E561	F2241	F2242	F2243	F2244																					
E562	F2245	F2246	F2247	F2248																					
E563	F2249	F2250	F2251	F2252																					
E564	F2253	F2254	F2255	F2256																					
E565	F2257	F2258	F2259	F2260																					
E566	F2261	F2262	F2263	F2264																					
E567	F2265	F2266	F2267	F2268																					
E568	F2269	F2270	F2271	F2272																					
E569	F2273	F2274	F2275	F2276																					
E570	F2277	F2278	F2279	F2280																					
E571	F2281	F2282	F2283	F2284																					
E572	F2285	F2286	F2287	F2288																					
E573	F2289	F2290	F2291	F2292																					
E574	F2293	F2294	F2295	F2296																					
E575	F2297	F2298	F2299	F2300																					
E576	F2301	F2302	F2303	F2304																					
E577	F2305	F2306	F2307	F2308																					
E578	F2309	F2310	F2311	F2312																					
E579	F2313	F2314	F2315	F2316																					
E580	F2317	F2318	F2319	F2320																					
E581	F2321	F2322	F2323	F2324																					
E582	F2325	F2326	F2327	F2328																					
E583	F2329	F2330	F2331	F2332																					
E584	F2333	F2334	F2335	F2336																					
E585	F2337	F2338	F2339	F2340																					
E586	F2341	F2342	F2343	F2344																					
E587	F2345	F2346	F2347	F2348																					
E588	F2349	F2350	F2351	F2352																					
E589	F2353	F2354	F2355	F2356																					
E590	F2357	F2358	F2359	F2360																					
E591	F2361	F2362	F2363	F2364																					
E592	F2365	F2366	F2367	F2368																					
E593	F2369	F2370	F2371	F2372																					
E594	F2373	F2374	F2375	F2376																					
E595	F2377	F2378	F2379	F2380																					
E596	F2381	F2382	F2383	F2384																					
E597	F2385	F2386	F2387	F2388																					
E598	F2389	F2390	F2391	F2392																					
E599	F2393	F2394	F2395	F2396																					
E600	F2397	F2398	F2399	F2400																					
E601	F2401	F2402	F2403	F2404																					
E602	F2405	F2406	F2407	F2408																					
E603	F2409	F2410	F2411	F2412																					
E604	F2413	F2414	F2415	F2416																					
E605	F2417	F2418	F2419	F2420																					
E606	F2421	F2422	F2423	F2424																					
E607	F2425	F2426	F2427	F2428																					
E608	F2429	F2430	F2431	F2432																					
E609	F2433	F2434	F2435	F2436																					
E610	F2437	F2438	F2439	F2440																					
E611	F2441	F2442	F2443	F2444																					
E612	F2445	F2446	F2447	F2448																					
E613	F2449	F2450	F2451	F2452																					
E614	F2453	F2454	F2455	F2456																					
E615	F2457	F2458	F2459	F2460																					
E616	F2461	F2462	F2463	F2464																					
E617	F2465	F2466	F2467	F2468																					
E618	F2469	F2470	F2471	F2472																					
E619	F2473	F2474	F2475	F2476																					
E620	F2477	F2478	F2479	F2480																					
E621	F2481	F2482	F2483	F2484																					
E622	F2485	F2486	F2487	F2488																					
E623	F2489	F2490	F2491	F2492																					
E624	F2493	F2494	F2495	F2496																					
E625	F2497	F2498	F2499	F2500																					
E626	F2501	F2502	F2503	F2504																					
E627	F2505	F2506	F2507	F2508																					
E628	F2509	F2510	F2511	F2512																					
E629	F2513	F2514	F2515	F2516																					
E630	F2517	F2518	F2519	F2520																					
E631	F2521	F2522	F2523	F2524																					
E632	F2525	F2526	F2527	F2528																					
E633	F2529	F2530	F2531	F2532																					
E634	F2533	F2534	F2535	F2536																					
E635	F2537	F2538	F2539	F2540																					
E636	F2541	F2542	F2543	F2544																					
E637	F2545	F2546	F2547	F2548																					
E638	F2549	F2550	F2551	F2552																					
E639	F2553	F2554	F2555	F2556																					
E640	F2557	F2558	F2559	F2560																					
E641	F2561	F2562	F2563	F2564																					
E642	F2565	F2566	F2567	F2568																					
E643	F2569	F2570	F2571	F2572																					
E644	F2573	F2574	F2575	F2576																					
E645	F2577	F2578	F2579	F2580																					
E646	F2581	F2582	F2583	F2584																					
E647	F2585	F2586	F2587	F2588																					
E648	F2589	F2590	F2591	F2592																					
E649	F2593	F2594	F2595	F2596																					
E650	F2597	F2598	F2599	F2600																					
E651	F2601	F2602	F2603	F2604																					
E652	F2605	F2606	F2607	F2608																					
E653	F2609	F2610	F2611	F2612																					
E654	F2613	F2614	F2615	F2616																					
E655	F2617	F2618	F2619	F2620																					
E656	F2621	F2622	F2623	F2624																					
E657	F2625	F2626	F2627	F2628																					
E658	F2629	F2630	F2631	F2632																					
E659	F2633	F2634	F2635	F2636																					
E660	F2637	F2638	F2639	F2640																					
E661	F2641	F2642	F2643	F2644																					
E662	F2645	F2646	F2647	F2648																					
E663	F2649	F2650	F2651	F2652																					
E664	F2653	F2654	F2655	F2656																					
E665	F2657	F2658	F2659	F2660																					
E666	F2661	F2662	F2663	F2664																					
E667	F2665	F2666	F2667	F2668																					
E668	F2669	F2670	F2671	F2672																					
E669	F2673	F2674	F2675	F2676																					
E670	F2677	F2678	F2679	F2680																					
E671	F2681	F2682	F2683	F2684																					
E672	F2685	F2686	F2687	F2688																					
E673	F2689	F2690	F2691	F2692																					
E674	F2693	F2694	F2695	F2696																					
E675	F2697	F2698	F2699	F2700																					
E676	F2701	F2702	F2703	F2704																					
E677	F2705	F2706	F2707	F2708																					
E678	F2709	F2710	F2711	F2712																					
E679	F2713	F2714	F2715	F2716																					
E680	F2717	F2718	F2719	F2720																					
E681	F2721	F2722	F2723	F2724																					
E682	F2725	F2726	F2727	F2728																					
E683	F2729	F2730	F2731	F2732																					
E684	F2733	F2734	F2735	F2736																					
E685	F2737	F2738	F2739	F2740																					
E686	F2741	F2742	F2743	F2744																					
E687	F2745	F2746	F2747	F2748																					
E688	F2749	F2750	F2751	F2752																					
E689	F2753	F2754	F2755	F2756																					
E690	F2757	F2758	F2759	F2760																					
E691	F2761	F2762	F2763	F2764																					
E692	F2765	F2766	F2767	F2768																					
E693	F2769	F2770	F2771	F2772																					
E694	F2773	F2774	F2775	F2776																					
E695	F2777	F2778	F2779	F2780																					
E696	F2781	F2782	F2783	F2784																					
E697	F2785	F2786	F2787	F2788																					
E698	F2789	F2790	F2791	F2792																					
E699	F2793	F2794	F2795	F2796																					
E700	F2797	F2798	F2799	F2800																					
E701	F2801	F2802	F2803	F2804																					
E702	F2805	F2806	F2807	F2808																					
E703	F2809	F2810	F2811	F2812																					
E704	F2813	F2814	F2815	F2816																					
E705	F2817	F2818	F2819	F2820																					
E706	F2821	F2822	F2823	F2824																					
E707	F2825	F2826	F2827	F2828																					
E708	F2829	F2830	F2831	F2832																					
E709	F2833	F2834	F2835	F2836																					
E710	F2837	F2838	F2839	F2840																					
E711	F2841	F2842	F2843	F2844																					
E712	F2845	F2846	F2847	F2848																					
E713	F2849	F2850	F2851	F2852																					
E714	F2853	F2854	F2855	F2856																					
E715	F2857	F2858	F2859	F2860																					
E716	F2861	F2862	F2863	F2864																					
E717	F2865	F2866	F2867	F2868																					
E718	F2869	F2870	F2871	F2872																					
E719	F2873	F2874	F2875	F2876																					
E720	F2877	F2878	F2879	F2880																					
E721	F2881	F2882	F2883	F2884																					
E722	F2885	F2886	F2887	F2888																					
E723	F2889	F2890	F2891	F2892																					
E724	F2893	F2894	F2895	F2896																					
E725	F2897	F2898	F2899	F2900																					
E726	F2901	F2902	F2903	F2904																					
E727	F2905	F2906	F2907	F2908																					
E728	F2909	F2910	F2911	F2912																					
E729	F2913	F2914	F2915	F2916																					
E730	F2917	F2918	F2919	F2920																					
E731	F2921	F2922	F2923	F2924																					
E732	F2925	F2926	F2927	F2928																					
E733	F2929	F2930	F2931	F2932																					
E734	F2933	F2934	F2935	F2936																					
E735	F2937	F2938	F2939	F2940																					
E736	F2941	F2942	F2943	F2944																					
E737	F2945	F2946	F2947	F2948																					
E738	F2949	F2950	F2951	F2952																					
E739	F2953	F2954	F2955	F2956																					
E740	F2957	F2958	F2959	F2960																					
E741	F2961	F2962	F2963	F2964																					
E742	F2965	F2966	F2967	F2968																					
E743	F2969	F2970	F2971	F2972																					
E744	F2973	F2974	F2975	F2976																					
E745	F2977	F2978	F2979	F2980																					
E746	F2981	F2982	F2983	F2984																					
E747	F2985	F2986	F2987	F2988																					
E748	F2989	F2990	F2991	F2992																					
E749	F2993	F2994	F2995	F2996																					
E750	F2997	F2998	F2999	F3000																					
E751	F3001	F3002	F3003	F3004																					
E752	F3005	F3006	F3007	F3008																					
E753	F3009	F3010	F3011	F3012																					
E754	F3013	F3014	F3015	F3016																					
E755	F3017	F3018	F3019	F3020																					
E756	F3021	F3022	F3023	F3024																					
E757	F3025	F3026	F3027	F3028																					
E758	F3029	F3030	F3031	F3032																					
E759	F3033	F3034	F3035	F3036																					
E760	F3037	F3038	F3039	F3040																					
E761	F3041	F3042	F3043	F3044																					
E762	F3045	F3046	F3047	F3048																					
E763	F3049	F3050	F3051	F3052																					
E764	F3053	F3054	F3055	F3056																					
E765	F3057	F3058	F3059	F3060																					
E766	F3061	F3062	F3063	F3064																					
E767	F3065	F3066	F3067	F3068																					
E768	F3069	F3070	F3071	F3072																					
E769	F3073	F3074	F3075	F3076																					
E770	F3077	F3078	F3079	F3080																					
E771	F3081	F3082	F3083	F3084																					
E772	F3085	F3086	F3087	F3088																					
E773	F3089	F3090	F3091	F3092																					
E774	F3093	F3094	F3095	F3096																					
E775	F3097	F3098	F3099	F3100																					
E776	F3101	F3102	F3103	F3104																					
E777	F3105	F3106	F3107	F3108																					
E778	F3109	F3110	F3111	F3112																					
E779	F3113	F3114	F3115	F3116																					
E780	F3117	F3118	F3119	F3120																					
E781	F3121	F3122	F3123	F3124																					
E782	F3125	F3126	F3127	F3128																					
E783	F3129	F3130	F3131	F3132																					
E784	F3133	F3134	F3135	F3136																					
E785	F3137	F3138	F3139	F3140																					
E786	F3141	F3142	F3143	F3144																					
E787	F3145	F3146	F3147	F3148																					
E788	F3149	F3150	F3151	F3152																					
E789	F3153	F3154	F3155	F3156																					
E790	F3157	F3158	F3159	F3160																					
E791	F3161	F3162	F3163	F3164																					
E792	F3165	F3166	F3167	F3168																					
E793	F3169	F3170	F3171	F3172																					
E794	F3173	F3174	F3175	F3176																					
E795	F3177	F3178	F3179	F3180																					
E796	F3181	F3182	F3183	F3184																					
E797	F3185	F3186	F3187	F3188																					
E798	F3189	F3190	F3191	F3192																					
E799	F3193	F3194	F3195	F3196																					
E800	F3197	F3198	F3199	F3200																					
E801	F3201	F3202	F3203	F3204																					
E802	F3205	F3206	F3207	F3208																					
E803	F3209	F3210	F3211	F3212																					
E804	F3213	F3214	F3215	F3216																					
E805	F3217	F3218	F3219	F3220																					
E806	F3221	F3222	F3223	F3224																					
E807	F3225	F3226	F3227	F3228																					
E808	F3229	F3230	F3231	F3232																					
E809	F3233	F3234	F3235	F3236																					
E810	F3237	F3238	F3239	F3240																					
E811	F3241	F3242	F3243	F3244																					
E812	F3245	F3246	F3247	F3248																					
E813	F3249	F3250	F3251	F3252																					
E814	F3253	F3254	F3255	F3256																					
E815	F3257	F3258	F3259	F3260																					
E816	F3261	F3262	F3263	F3264																					
E817	F3265	F3266	F3267	F3268																					
E818	F3269	F3270	F3271	F3272																					
E819	F3273	F3274	F3275	F3276																					
E820	F3277	F3278	F3279	F3280																					
E821	F3281	F3282	F3283	F3284																					
E822	F3285	F3286	F3287	F3288																					
E823	F3289	F3290	F3291	F3292																					
E824	F3293	F3294	F3295	F3296																					
E825	F3297	F3298	F3299	F3300																					
E826	F3301	F3302	F3303	F3304																					
E827	F3305	F3306	F3307	F3308																					
E828	F3309	F3310	F3311	F3312																					
E829	F3313	F3314	F3315	F3316																					
E830	F3317	F3318	F3319	F3320																					
E831	F3321	F3322	F3323	F3324																					
E832	F3325	F3326	F3327	F3328																					
E833	F3329	F3330	F3331	F3332																					
E834	F3333	F3334	F3335	F3336																					
E835	F3337	F3338	F3339	F3340																					
E836	F3341	F3342	F3343	F3344																					
E837	F3345	F3346	F3347	F3348																					
E838	F3349	F3350	F3351	F3352																					
E839	F3353	F3354	F3355	F3356																					
E840	F3357	F3358	F3359	F3360																					
E841	F3361	F3362	F3363	F3364																					
E842	F3365	F3366	F3367	F3368																					
E843	F3369	F3370	F3371	F3372																					
E844	F3373	F3374	F3375	F3376																					
E845	F3377	F3378	F3379	F3380																					
E846	F3381	F3382	F3383	F3384																					
E847	F3385	F3386	F3387	F3388																					
E848	F3389	F3390	F3391	F3392																					
E849	F3393	F3394	F3395	F3396																					
E850	F3397	F3398	F3399	F3400																					
E851	F3401	F3402	F3403	F3404																					
E852	F3405	F3406	F3407	F3408																					
E853	F3409	F3410	F3411	F3412																					
E854	F3413	F3414	F3415	F3416																					
E855	F3417	F3418	F3419	F3420																					
E856	F3421	F3422	F3423	F3424																					
E857	F3425	F3426	F3427	F3428																					
E858	F3429	F3430	F3431	F3432																					
E859	F3433	F3434	F3435	F3436																					
E860	F3437	F3438	F3439	F3440																					
E861	F3441	F3442	F3443	F3444																					
E862	F3445	F3446	F3447	F3448																					
E863	F3449	F3450	F3451	F3452																					
E864	F3453	F3454	F3455	F3456																					
E865	F3457	F3458	F3459	F3460																					
E866	F3461	F3462	F3463	F3464																					
E867	F3465	F3466	F3467	F3468																					
E868	F3469	F3470	F3471	F3472																					
E869	F3473	F3474	F3475	F3476																					
E870	F3477	F3478	F3479	F3480																					
E871	F3481	F3482	F3483	F3484																					
E872	F3485	F3486	F3487	F3488																					
E873	F3489	F3490	F3491	F3492																					
E874	F3493	F3494	F3495	F3496																					
E875	F3497	F3498	F3499	F3500																					
E876	F3501	F3502	F3503	F3504																					
E877	F3505	F3506	F3507	F3508																					
E878	F3509	F3510	F3511	F3512																					
E879	F3513	F3514	F3515	F3516																					
E880	F3517	F3518	F3519	F3520																					
E881	F3521	F3522	F3523	F3524																					
E882	F3525	F3526	F3527	F3528																					
E883	F3529	F3530	F3531	F3532																					
E884	F3533	F3534	F3535	F3536																					
E885	F3537	F3538	F3539	F3540																					
E886	F3541	F3542	F3543	F3544																					
E887	F3545	F3546	F3547	F3548																					
E888	F3549	F3550	F3551	F3552																					
E889	F3553	F3554	F3555	F3556																					
E890	F3557	F3558	F3559	F3560																					
E891	F3561	F3562	F3563	F3564																					
E892	F3565	F3566	F3567	F3568																					
E893	F3569	F3570	F3571	F3572																					
E894	F3573	F3574	F3575	F3576																					
E895	F3577	F3578	F3579	F3580																					
E896	F3581	F3582	F3583	F3584																					
E897	F3585	F3586	F3587	F3588																					
E898	F3589	F3590	F3591	F3592																					
E899	F3593	F3594	F3595	F3596																					
E900	F3597	F3598	F3599	F3600																					
E901	F3601	F3602	F3603	F3604																					
E902	F3605	F3606	F3607	F3608																					
E903	F3609	F3610	F3611	F3612																					
E904	F3613	F3614	F3615	F3616																					
E905	F3617	F3618	F3619	F3620																					
E906	F3621	F3622	F3623	F3624																					
E907	F3625	F3626	F3627	F3628																					
E908	F3629	F3630	F3631	F3632																					
E909	F3633	F3634	F3635	F3636																					
E910	F3637	F3638	F3639	F3640																					
E911	F3641	F3642	F3643	F3644																					
E912	F3645	F3646	F3647	F3648																					
E913	F3649	F3650	F3651	F3652																					
E914	F3653	F3654	F3655	F3656																					
E915	F3657	F3658	F3659	F3660																					
E916	F3661	F3662	F3663	F3664																					
E917	F3665	F3666	F3667	F3668																					
E918	F3669	F3670	F3671	F3672																					
E919	F3673	F3674	F3675	F3676																					
E920	F3677	F3678	F3679	F3680																					
E921	F3681	F3682	F3683	F3684																					
E922	F3685	F3686	F3687	F3688																					
E923	F3689	F3690	F3691	F3692																					
E924	F3693	F3694	F3695	F3696																					
E925	F3697	F3698	F3699	F3700																					
E926	F3701	F3702	F3703	F3704																					
E927	F3705	F3706	F3707	F3708																					
E928	F3709	F3710	F3711	F3712																					
E929	F3713	F3714	F3715	F3716																					
E930	F3717	F3718	F3719	F3720																					
E931	F3721	F3722	F3723	F3724																					
E932	F3725	F3726	F3727	F3728																					
E933	F3729	F3730	F3731	F3732																					
E934	F3733	F3734	F3735	F3736																					
E935	F3737	F3738	F3739	F3740																					
E936	F3741	F3742	F3743	F3744																					
E937	F3745	F3746	F3747	F3748																					
E938	F3749	F3750	F3751	F3752																					
E939	F3753	F3754	F3755	F3756																					
E940	F3757	F3758	F3759	F3760																					
E941	F3761	F3762	F3763	F3764																					
E942	F3765	F3766	F3767	F3768																					
E943	F3769	F3770	F3771	F3772																					
E944	F3773	F3774	F3775	F3776																					
E945	F3777	F3778	F3779	F3780																					
E946	F3781	F3782	F3783	F3784																					
E947	F3785	F3786	F3787	F3788																					
E948	F3789	F3790	F3791	F3792																					
E949	F3793	F3794	F3795	F3796																					
E950	F3797	F3798	F3799	F3800																					
E951	F3801	F3802	F3803	F3804																					
E952	F3805	F3806	F3807	F3808																					
E953	F3809	F3810	F3811	F3812																					
E954	F3813	F3814	F3815	F3816																					
E955	F3817	F3818	F3819	F3820																					
E956	F3821	F3822	F3823	F3824																					
E957	F3825	F3826	F3827	F3828																					
E958	F3829	F3830	F3831	F3832																					
E959	F3833	F3834	F3835	F3836																					
E960	F3837	F3838	F3839	F3840																					
E961	F3841	F3842	F3843	F3844																					
E962	F3845	F3846	F3847	F3848																					
E963	F3849	F3850	F3851	F3852																					
E964	F3853	F3854	F3855	F3856																					
E965	F3857	F3858	F3859	F3860																					
E966	F3861	F3862	F3863	F3864																					
E967	F3865	F3866	F3867	F3868																					
E968	F3869	F3870	F3871	F3872																					
E969	F3873	F3874	F3875	F3876																					
E970	F3877	F3878	F3879	F3880																					
E971	F3881	F3882	F3883	F3884																					
E972	F3885	F3886	F3887	F3888																					
E973	F3889	F3890	F3891	F3892																					
E974	F3893	F3894	F3895	F3896																					
E975	F3897	F3898	F3899	F3900																					
E976	F3901	F3902	F3903	F3904																					
E977	F3905	F3906	F3907	F3908																					
E978	F3909	F3910	F3911	F3912																					
E979	F3913	F3914	F3915	F3916																					
E980	F3917	F3918	F3919	F3920																					
E981	F3921	F3922	F3923	F3924																					
E982	F3925	F3926	F3927	F3928																					
E983	F3929	F3930	F3931	F3932																					
E984	F3933	F3934	F3935	F3936																					
E985	F3937	F3938	F3939	F3940																					
E986	F3941	F3942	F3943	F3944																					
E987	F3945	F3946	F3947	F3948																					
E988	F3949	F3950	F3951	F3952																					
E989	F3953	F3954	F3955	F3956																					
E990	F3957	F3958	F3959	F3960																					
E991	F3961	F3962	F3963	F3964																					
E992	F3965	F3966	F3967	F3968																					
E993	F3969	F3970	F3971	F3972																					
E994	F3973	F3974	F3975	F3976																					
E995	F3977	F3978	F3979	F3980																					
E996	F3981	F3982	F3983	F3984																					
E997	F3985	F3986	F3987	F3988																					
E998	F3989	F3990	F3991	F3992																					
E999	F3993	F3994	F3995	F3996																					
E1000	F3997	F3998	F3999	F4000																					
E1001	F4001	F4002	F4003	F4004																					
E1002	F4005	F4006	F4007	F4008																					
E1003	F4009	F4010	F4011	F4012																					
E1004	F4013	F4014	F4015	F4016																					
E1005	F4017	F4018	F4019	F4020																					
E1006	F4021	F4022	F4023	F4024																					
E1007	F4025	F4026	F4027	F4028																					
E1008	F4029	F4030	F4031	F4032																					
E1009	F4033	F4034	F4035	F4036																					
E1010	F4037	F4038	F4039	F4040																					
E1011	F4041	F4042	F4043	F4044																					
E1012	F4045	F4046	F4047	F4048																					
E1013	F4049	F4050	F4051	F4052																					
E1014	F4053	F4054	F4055	F4056																					
E1015	F4057	F4058	F4059	F4060																					
E1016	F4061	F4062	F4063	F4064																					
E1017	F4065	F4066	F4067	F4068																					
E1018	F4069	F4070	F4071	F4072																					
E1019	F4073	F4074	F4075	F4076																					
E1020	F4077	F4078	F4079	F4080																					
E1021	F4081	F4082	F4083	F4084																					
E1022	F4085	F4086	F4087	F4088																					
E1023	F4089	F4090	F4091	F4092																					
E1024	F4093	F4094	F4095	F4096																															
